emotion,strength,hacks,n,rate,ci_low,ci_high,fisher_or,fisher_p
desperate,-0.5,3,40,0.075,0.025836025774588198,0.19864233524310543,0.6138996138996139,0.5655197578468276
desperate,-0.3,4,40,0.1,0.03957952868260638,0.23051775227522298,0.8412698412698413,1.0
desperate,-0.2,4,40,0.1,0.03957952868260638,0.23051775227522298,0.8412698412698413,1.0
desperate,-0.15,4,40,0.1,0.03957952868260638,0.23051775227522298,0.8412698412698413,1.0
desperate,-0.1,2,40,0.05,0.013820667386148344,0.16503877369140962,0.39849624060150374,0.3614187787532724
desperate,-0.05,4,40,0.1,0.03957952868260638,0.23051775227522298,0.8412698412698413,1.0
desperate,0.05,4,40,0.1,0.03957952868260638,0.23051775227522298,0.8412698412698413,1.0
desperate,0.1,2,40,0.05,0.013820667386148344,0.16503877369140962,0.39849624060150374,0.3614187787532724
desperate,0.15,5,40,0.125,0.05459500250945401,0.261121198388511,1.0816326530612246,1.0
desperate,0.2,2,40,0.05,0.013820667386148344,0.16503877369140962,0.39849624060150374,0.3614187787532724
desperate,0.3,1,40,0.025,0.0044268315026814095,0.1288136896347409,0.19413919413919414,0.11814523484953082
desperate,0.5,1,40,0.025,0.0044268315026814095,0.1288136896347409,0.19413919413919414,0.11814523484953082
calm,-0.5,1,40,0.025,0.0044268315026814095,0.1288136896347409,0.19413919413919414,0.11814523484953082
calm,-0.3,4,40,0.1,0.03957952868260638,0.23051775227522298,0.8412698412698413,1.0
calm,-0.2,2,40,0.05,0.013820667386148344,0.16503877369140962,0.39849624060150374,0.3614187787532724
calm,-0.15,2,40,0.05,0.013820667386148344,0.16503877369140962,0.39849624060150374,0.3614187787532724
calm,-0.1,3,40,0.075,0.025836025774588198,0.19864233524310543,0.6138996138996139,0.5655197578468276
calm,-0.05,3,40,0.075,0.025836025774588198,0.19864233524310543,0.6138996138996139,0.5655197578468276
calm,0.05,4,40,0.1,0.03957952868260638,0.23051775227522298,0.8412698412698413,1.0
calm,0.1,5,40,0.125,0.05459500250945401,0.261121198388511,1.0816326530612246,1.0
calm,0.15,5,40,0.125,0.05459500250945401,0.261121198388511,1.0816326530612246,1.0
calm,0.2,7,40,0.175,0.0874541374603592,0.31949990331787714,1.606060606060606,0.4170894991021145
calm,0.3,3,40,0.075,0.025836025774588198,0.19864233524310543,0.6138996138996139,0.5655197578468276
calm,0.5,5,40,0.125,0.05459500250945401,0.261121198388511,1.0816326530612246,1.0
